algorithm,time,value,cost,budget,horizon,policy_found,timestamp,dataset_path,instance_id
Reduction,0.002488750033080578,1.0,1.0,1,10,True,20251209_232241,data/hard,instance_000
Approximation ($\epsilon$=1.0),0.0032120420364663005,1.0,1.0,1,10,True,20251209_232241,data/hard,instance_000
Approximation ($\epsilon$=0.5),0.003347042016685009,1.0,1.0,1,10,True,20251209_232241,data/hard,instance_000
Approximation ($\epsilon$=0.25),0.003423249931074679,1.0,1.0,1,10,True,20251209_232241,data/hard,instance_000
Feasible Heuristic ($\epsilon$=1.0),0.0010700830025598407,0.0,0.0,1,10,True,20251209_232241,data/hard,instance_000
Feasible Heuristic ($\epsilon$=0.5),0.0010458339238539338,0.0,0.0,1,10,True,20251209_232241,data/hard,instance_000
Feasible Heuristic ($\epsilon$=0.25),0.0010874579893425107,0.0,0.0,1,10,True,20251209_232241,data/hard,instance_000
Reduction,0.0020439999643713236,2.0,2.0,2,10,True,20251209_232241,data/hard,instance_001
Approximation ($\epsilon$=1.0),0.0031647090800106525,2.0,2.0,2,10,True,20251209_232241,data/hard,instance_001
Approximation ($\epsilon$=0.5),0.0032335000578314066,2.0,2.0,2,10,True,20251209_232241,data/hard,instance_001
Approximation ($\epsilon$=0.25),0.0034149159910157323,2.0,2.0,2,10,True,20251209_232241,data/hard,instance_001
Feasible Heuristic ($\epsilon$=1.0),0.003033541957847774,1.0,1.0,2,10,True,20251209_232241,data/hard,instance_001
Feasible Heuristic ($\epsilon$=0.5),0.003124625072814524,1.0,1.0,2,10,True,20251209_232241,data/hard,instance_001
Feasible Heuristic ($\epsilon$=0.25),0.0033050000201910734,1.0,1.0,2,10,True,20251209_232241,data/hard,instance_001
Reduction,0.0017153749940916896,4.0,4.0,4,10,True,20251209_232241,data/hard,instance_002
Approximation ($\epsilon$=1.0),0.003080209018662572,4.0,4.0,4,10,True,20251209_232241,data/hard,instance_002
Approximation ($\epsilon$=0.5),0.00320341601036489,4.0,4.0,4,10,True,20251209_232241,data/hard,instance_002
Approximation ($\epsilon$=0.25),0.00342645903583616,4.0,4.0,4,10,True,20251209_232241,data/hard,instance_002
Feasible Heuristic ($\epsilon$=1.0),0.003065084107220173,2.0,2.0,4,10,True,20251209_232241,data/hard,instance_002
Feasible Heuristic ($\epsilon$=0.5),0.0031780420104041696,2.0,2.0,4,10,True,20251209_232241,data/hard,instance_002
Feasible Heuristic ($\epsilon$=0.25),0.00339225004427135,3.0,3.0,4,10,True,20251209_232241,data/hard,instance_002
Reduction,0.0017572920769453049,8.0,8.0,8,10,True,20251209_232241,data/hard,instance_003
Approximation ($\epsilon$=1.0),0.0030833750497549772,8.0,8.0,8,10,True,20251209_232241,data/hard,instance_003
Approximation ($\epsilon$=0.5),0.0031918749446049333,8.0,8.0,8,10,True,20251209_232241,data/hard,instance_003
Approximation ($\epsilon$=0.25),0.0033567920327186584,8.0,8.0,8,10,True,20251209_232241,data/hard,instance_003
Feasible Heuristic ($\epsilon$=1.0),0.003081542090512812,4.0,4.0,8,10,True,20251209_232241,data/hard,instance_003
Feasible Heuristic ($\epsilon$=0.5),0.003163042012602091,5.0,5.0,8,10,True,20251209_232241,data/hard,instance_003
Feasible Heuristic ($\epsilon$=0.25),0.0034050829708576202,6.0,6.0,8,10,True,20251209_232241,data/hard,instance_003
Reduction,0.0018102909671142697,16.0,16.0,16,10,True,20251209_232241,data/hard,instance_004
Approximation ($\epsilon$=1.0),0.0030562919564545155,17.0,17.0,16,10,True,20251209_232241,data/hard,instance_004
Approximation ($\epsilon$=0.5),0.0031675000209361315,16.0,16.0,16,10,True,20251209_232241,data/hard,instance_004
Approximation ($\epsilon$=0.25),0.0037336249370127916,16.0,16.0,16,10,True,20251209_232241,data/hard,instance_004
Feasible Heuristic ($\epsilon$=1.0),0.0040672499453648925,8.0,8.0,16,10,True,20251209_232241,data/hard,instance_004
Feasible Heuristic ($\epsilon$=0.5),0.0038120830431580544,10.0,10.0,16,10,True,20251209_232241,data/hard,instance_004
Feasible Heuristic ($\epsilon$=0.25),0.00376754195895046,12.0,12.0,16,10,True,20251209_232241,data/hard,instance_004
Reduction,0.00195612502284348,32.0,32.0,32,10,True,20251209_232241,data/hard,instance_005
Approximation ($\epsilon$=1.0),0.003419040935114026,35.0,35.0,32,10,True,20251209_232241,data/hard,instance_005
Approximation ($\epsilon$=0.5),0.003280333010479808,33.0,33.0,32,10,True,20251209_232241,data/hard,instance_005
Approximation ($\epsilon$=0.25),0.0034788339398801327,32.0,32.0,32,10,True,20251209_232241,data/hard,instance_005
Feasible Heuristic ($\epsilon$=1.0),0.0031227499712258577,17.0,17.0,32,10,True,20251209_232241,data/hard,instance_005
Feasible Heuristic ($\epsilon$=0.5),0.0032097080256789923,23.0,23.0,32,10,True,20251209_232241,data/hard,instance_005
Feasible Heuristic ($\epsilon$=0.25),0.00342112488579005,26.0,26.0,32,10,True,20251209_232241,data/hard,instance_005
Reduction,0.002110541914589703,64.0,64.0,64,10,True,20251209_232241,data/hard,instance_006
Approximation ($\epsilon$=1.0),0.003080124966800213,71.0,71.0,64,10,True,20251209_232241,data/hard,instance_006
Approximation ($\epsilon$=0.5),0.003173791919834912,67.0,67.0,64,10,True,20251209_232241,data/hard,instance_006
Approximation ($\epsilon$=0.25),0.003666333039291203,65.0,65.0,64,10,True,20251209_232241,data/hard,instance_006
Feasible Heuristic ($\epsilon$=1.0),0.0032272920943796635,35.0,35.0,64,10,True,20251209_232241,data/hard,instance_006
Feasible Heuristic ($\epsilon$=0.5),0.0032239590073004365,47.0,47.0,64,10,True,20251209_232241,data/hard,instance_006
Feasible Heuristic ($\epsilon$=0.25),0.0036912079667672515,53.0,53.0,64,10,True,20251209_232241,data/hard,instance_006
Reduction,0.002509457990527153,128.0,128.0,128,10,True,20251209_232241,data/hard,instance_007
Approximation ($\epsilon$=1.0),0.003110957914032042,143.0,143.0,128,10,True,20251209_232241,data/hard,instance_007
Approximation ($\epsilon$=0.5),0.003198166028596461,135.0,135.0,128,10,True,20251209_232241,data/hard,instance_007
Approximation ($\epsilon$=0.25),0.0034002079628407955,131.0,131.0,128,10,True,20251209_232241,data/hard,instance_007
Feasible Heuristic ($\epsilon$=1.0),0.003087166929617524,71.0,71.0,128,10,True,20251209_232241,data/hard,instance_007
Feasible Heuristic ($\epsilon$=0.5),0.0031943339854478836,95.0,95.0,128,10,True,20251209_232241,data/hard,instance_007
Feasible Heuristic ($\epsilon$=0.25),0.003358250018209219,107.0,107.0,128,10,True,20251209_232241,data/hard,instance_007
Reduction,0.0032247090712189674,256.0,256.0,256,10,True,20251209_232241,data/hard,instance_008
Approximation ($\epsilon$=1.0),0.0031052909325808287,287.0,287.0,256,10,True,20251209_232241,data/hard,instance_008
Approximation ($\epsilon$=0.5),0.0032495830673724413,271.0,271.0,256,10,True,20251209_232241,data/hard,instance_008
Approximation ($\epsilon$=0.25),0.0033764169784262776,263.0,263.0,256,10,True,20251209_232241,data/hard,instance_008
Feasible Heuristic ($\epsilon$=1.0),0.0030687920516356826,143.0,143.0,256,10,True,20251209_232241,data/hard,instance_008
Feasible Heuristic ($\epsilon$=0.5),0.00317799998447299,191.0,191.0,256,10,True,20251209_232241,data/hard,instance_008
Feasible Heuristic ($\epsilon$=0.25),0.003406125004403293,215.0,215.0,256,10,True,20251209_232241,data/hard,instance_008
Reduction,0.004641542094759643,512.0,512.0,512,10,True,20251209_232241,data/hard,instance_009
Approximation ($\epsilon$=1.0),0.0030812909826636314,575.0,575.0,512,10,True,20251209_232241,data/hard,instance_009
Approximation ($\epsilon$=0.5),0.0031851250678300858,543.0,543.0,512,10,True,20251209_232241,data/hard,instance_009
Approximation ($\epsilon$=0.25),0.003366250079125166,527.0,527.0,512,10,True,20251209_232241,data/hard,instance_009
Feasible Heuristic ($\epsilon$=1.0),0.003060499904677272,287.0,287.0,512,10,True,20251209_232241,data/hard,instance_009
Feasible Heuristic ($\epsilon$=0.5),0.0032365000806748867,383.0,383.0,512,10,True,20251209_232241,data/hard,instance_009
Feasible Heuristic ($\epsilon$=0.25),0.0033811249304562807,431.0,431.0,512,10,True,20251209_232241,data/hard,instance_009
Reduction,0.024395500076934695,1024.0,1024.0,1024,20,True,20251209_232241,data/hard,instance_000
Approximation ($\epsilon$=1.0),0.006763790966942906,1087.0,1087.0,1024,20,True,20251209_232241,data/hard,instance_000
Approximation ($\epsilon$=0.5),0.007893334026448429,1055.0,1055.0,1024,20,True,20251209_232241,data/hard,instance_000
Approximation ($\epsilon$=0.25),0.00906283303629607,1039.0,1039.0,1024,20,True,20251209_232241,data/hard,instance_000
Feasible Heuristic ($\epsilon$=1.0),0.006825624965131283,543.0,543.0,1024,20,True,20251209_232241,data/hard,instance_000
Feasible Heuristic ($\epsilon$=0.5),0.007618000032380223,735.0,735.0,1024,20,True,20251209_232241,data/hard,instance_000
Feasible Heuristic ($\epsilon$=0.25),0.008923749905079603,831.0,831.0,1024,20,True,20251209_232241,data/hard,instance_000
Reduction,0.044519125018268824,2048.0,2048.0,2048,20,True,20251209_232241,data/hard,instance_001
Approximation ($\epsilon$=1.0),0.006767666898667812,2175.0,2175.0,2048,20,True,20251209_232241,data/hard,instance_001
Approximation ($\epsilon$=0.5),0.00751437502913177,2111.0,2111.0,2048,20,True,20251209_232241,data/hard,instance_001
Approximation ($\epsilon$=0.25),0.008922750013880432,2079.0,2079.0,2048,20,True,20251209_232241,data/hard,instance_001
Feasible Heuristic ($\epsilon$=1.0),0.006704790983349085,1087.0,1087.0,2048,20,True,20251209_232241,data/hard,instance_001
Feasible Heuristic ($\epsilon$=0.5),0.007449124939739704,1471.0,1471.0,2048,20,True,20251209_232241,data/hard,instance_001
Feasible Heuristic ($\epsilon$=0.25),0.008938292041420937,1663.0,1663.0,2048,20,True,20251209_232241,data/hard,instance_001
Reduction,0.0869395830668509,4096.0,4096.0,4096,20,True,20251209_232241,data/hard,instance_002
Approximation ($\epsilon$=1.0),0.006846040952950716,4351.0,4351.0,4096,20,True,20251209_232241,data/hard,instance_002
Approximation ($\epsilon$=0.5),0.007485209032893181,4223.0,4223.0,4096,20,True,20251209_232241,data/hard,instance_002
Approximation ($\epsilon$=0.25),0.00891899992711842,4159.0,4159.0,4096,20,True,20251209_232241,data/hard,instance_002
Feasible Heuristic ($\epsilon$=1.0),0.0066832080483436584,2175.0,2175.0,4096,20,True,20251209_232241,data/hard,instance_002
Feasible Heuristic ($\epsilon$=0.5),0.007479416090063751,2943.0,2943.0,4096,20,True,20251209_232241,data/hard,instance_002
Feasible Heuristic ($\epsilon$=0.25),0.009234833996742964,3327.0,3327.0,4096,20,True,20251209_232241,data/hard,instance_002
Reduction,0.17262287496123463,8192.0,8192.0,8192,20,True,20251209_232241,data/hard,instance_003
Approximation ($\epsilon$=1.0),0.0067827500170096755,8703.0,8703.0,8192,20,True,20251209_232241,data/hard,instance_003
Approximation ($\epsilon$=0.5),0.0075913750333711505,8447.0,8447.0,8192,20,True,20251209_232241,data/hard,instance_003
Approximation ($\epsilon$=0.25),0.009037000010721385,8319.0,8319.0,8192,20,True,20251209_232241,data/hard,instance_003
Feasible Heuristic ($\epsilon$=1.0),0.006707750027999282,4351.0,4351.0,8192,20,True,20251209_232241,data/hard,instance_003
Feasible Heuristic ($\epsilon$=0.5),0.007507957983762026,5887.0,5887.0,8192,20,True,20251209_232241,data/hard,instance_003
Feasible Heuristic ($\epsilon$=0.25),0.00889233301859349,6655.0,6655.0,8192,20,True,20251209_232241,data/hard,instance_003
Reduction,0.3457635419908911,16384.0,16384.0,16384,20,True,20251209_232241,data/hard,instance_004
Approximation ($\epsilon$=1.0),0.006867583026178181,17407.0,17407.0,16384,20,True,20251209_232241,data/hard,instance_004
Approximation ($\epsilon$=0.5),0.007477667066268623,16895.0,16895.0,16384,20,True,20251209_232241,data/hard,instance_004
Approximation ($\epsilon$=0.25),0.008897457970306277,16639.0,16639.0,16384,20,True,20251209_232241,data/hard,instance_004
Feasible Heuristic ($\epsilon$=1.0),0.0067460829159244895,8703.0,8703.0,16384,20,True,20251209_232241,data/hard,instance_004
Feasible Heuristic ($\epsilon$=0.5),0.007509542047046125,11775.0,11775.0,16384,20,True,20251209_232241,data/hard,instance_004
Feasible Heuristic ($\epsilon$=0.25),0.00888354191556573,13311.0,13311.0,16384,20,True,20251209_232241,data/hard,instance_004
Reduction,0.6988924999022856,32768.0,32768.0,32768,20,True,20251209_232241,data/hard,instance_005
Approximation ($\epsilon$=1.0),0.006968041998334229,34815.0,34815.0,32768,20,True,20251209_232241,data/hard,instance_005
Approximation ($\epsilon$=0.5),0.007703833049163222,33791.0,33791.0,32768,20,True,20251209_232241,data/hard,instance_005
Approximation ($\epsilon$=0.25),0.009021374979056418,33279.0,33279.0,32768,20,True,20251209_232241,data/hard,instance_005
Feasible Heuristic ($\epsilon$=1.0),0.006716666044667363,17407.0,17407.0,32768,20,True,20251209_232241,data/hard,instance_005
Feasible Heuristic ($\epsilon$=0.5),0.007532833027653396,23551.0,23551.0,32768,20,True,20251209_232241,data/hard,instance_005
Feasible Heuristic ($\epsilon$=0.25),0.009039625059813261,26623.0,26623.0,32768,20,True,20251209_232241,data/hard,instance_005
Reduction,1.424221167108044,65536.0,65536.0,65536,20,True,20251209_232241,data/hard,instance_006
Approximation ($\epsilon$=1.0),0.007029458065517247,69631.0,69631.0,65536,20,True,20251209_232241,data/hard,instance_006
Approximation ($\epsilon$=0.5),0.00763433298561722,67583.0,67583.0,65536,20,True,20251209_232241,data/hard,instance_006
Approximation ($\epsilon$=0.25),0.009022291051223874,66559.0,66559.0,65536,20,True,20251209_232241,data/hard,instance_006
Feasible Heuristic ($\epsilon$=1.0),0.0067552500404417515,34815.0,34815.0,65536,20,True,20251209_232241,data/hard,instance_006
Feasible Heuristic ($\epsilon$=0.5),0.007566625019535422,47103.0,47103.0,65536,20,True,20251209_232241,data/hard,instance_006
Feasible Heuristic ($\epsilon$=0.25),0.009020957979373634,53247.0,53247.0,65536,20,True,20251209_232241,data/hard,instance_006
Reduction,2.872613832936622,131072.0,131072.0,131072,20,True,20251209_232241,data/hard,instance_007
Approximation ($\epsilon$=1.0),0.007044500089250505,139263.0,139263.0,131072,20,True,20251209_232241,data/hard,instance_007
Approximation ($\epsilon$=0.5),0.007634958019480109,135167.0,135167.0,131072,20,True,20251209_232241,data/hard,instance_007
Approximation ($\epsilon$=0.25),0.00899591704364866,133119.0,133119.0,131072,20,True,20251209_232241,data/hard,instance_007
Feasible Heuristic ($\epsilon$=1.0),0.006732124951668084,69631.0,69631.0,131072,20,True,20251209_232241,data/hard,instance_007
Feasible Heuristic ($\epsilon$=0.5),0.007589707965962589,94207.0,94207.0,131072,20,True,20251209_232241,data/hard,instance_007
Feasible Heuristic ($\epsilon$=0.25),0.008929000003263354,106495.0,106495.0,131072,20,True,20251209_232241,data/hard,instance_007
Reduction,5.933281000005081,262144.0,262144.0,262144,20,True,20251209_232241,data/hard,instance_008
Approximation ($\epsilon$=1.0),0.007085707969963551,278527.0,278527.0,262144,20,True,20251209_232241,data/hard,instance_008
Approximation ($\epsilon$=0.5),0.007677959045395255,270335.0,270335.0,262144,20,True,20251209_232241,data/hard,instance_008
Approximation ($\epsilon$=0.25),0.009053166955709457,266239.0,266239.0,262144,20,True,20251209_232241,data/hard,instance_008
Feasible Heuristic ($\epsilon$=1.0),0.006765124970115721,139263.0,139263.0,262144,20,True,20251209_232241,data/hard,instance_008
Feasible Heuristic ($\epsilon$=0.5),0.007681625080294907,188415.0,188415.0,262144,20,True,20251209_232241,data/hard,instance_008
Feasible Heuristic ($\epsilon$=0.25),0.009012624970637262,212991.0,212991.0,262144,20,True,20251209_232241,data/hard,instance_008
Reduction,12.291153165977448,524288.0,524288.0,524288,20,True,20251209_232241,data/hard,instance_009
Approximation ($\epsilon$=1.0),0.007203000015579164,557055.0,557055.0,524288,20,True,20251209_232241,data/hard,instance_009
Approximation ($\epsilon$=0.5),0.007739500026218593,540671.0,540671.0,524288,20,True,20251209_232241,data/hard,instance_009
Approximation ($\epsilon$=0.25),0.00910387490876019,532479.0,532479.0,524288,20,True,20251209_232241,data/hard,instance_009
Feasible Heuristic ($\epsilon$=1.0),0.006776917027309537,278527.0,278527.0,524288,20,True,20251209_232241,data/hard,instance_009
Feasible Heuristic ($\epsilon$=0.5),0.007581167039461434,376831.0,376831.0,524288,20,True,20251209_232241,data/hard,instance_009
Feasible Heuristic ($\epsilon$=0.25),0.008991166017949581,425983.0,425983.0,524288,20,True,20251209_232241,data/hard,instance_009
Approximation ($\epsilon$=1.0),0.011811584001407027,1114111.0,1114111.0,1048576,30,True,20251209_232241,data/hard,instance_000
Approximation ($\epsilon$=0.5),0.01388699992094189,1081343.0,1081343.0,1048576,30,True,20251209_232241,data/hard,instance_000
Approximation ($\epsilon$=0.25),0.018810125067830086,1064959.0,1064959.0,1048576,30,True,20251209_232241,data/hard,instance_000
Feasible Heuristic ($\epsilon$=1.0),0.011675416957587004,557055.0,557055.0,1048576,30,True,20251209_232241,data/hard,instance_000
Feasible Heuristic ($\epsilon$=0.5),0.013860541977919638,720895.0,720895.0,1048576,30,True,20251209_232241,data/hard,instance_000
Feasible Heuristic ($\epsilon$=0.25),0.018450416973792017,851967.0,851967.0,1048576,30,True,20251209_232241,data/hard,instance_000
Approximation ($\epsilon$=1.0),0.011622500023804605,2228223.0,2228223.0,2097152,30,True,20251209_232241,data/hard,instance_001
Approximation ($\epsilon$=0.5),0.013929749955423176,2162687.0,2162687.0,2097152,30,True,20251209_232241,data/hard,instance_001
Approximation ($\epsilon$=0.25),0.018421540968120098,2129919.0,2129919.0,2097152,30,True,20251209_232241,data/hard,instance_001
Feasible Heuristic ($\epsilon$=1.0),0.011566541972570121,1114111.0,1114111.0,2097152,30,True,20251209_232241,data/hard,instance_001
Feasible Heuristic ($\epsilon$=0.5),0.013840958941727877,1441791.0,1441791.0,2097152,30,True,20251209_232241,data/hard,instance_001
Feasible Heuristic ($\epsilon$=0.25),0.018450042000040412,1703935.0,1703935.0,2097152,30,True,20251209_232241,data/hard,instance_001
Approximation ($\epsilon$=1.0),0.011607374995946884,4456447.0,4456447.0,4194304,30,True,20251209_232241,data/hard,instance_002
Approximation ($\epsilon$=0.5),0.013804790913127363,4325375.0,4325375.0,4194304,30,True,20251209_232241,data/hard,instance_002
Approximation ($\epsilon$=0.25),0.01951329200528562,4259839.0,4259839.0,4194304,30,True,20251209_232241,data/hard,instance_002
Feasible Heuristic ($\epsilon$=1.0),0.011815959005616605,2228223.0,2228223.0,4194304,30,True,20251209_232241,data/hard,instance_002
Feasible Heuristic ($\epsilon$=0.5),0.013991791987791657,2883583.0,2883583.0,4194304,30,True,20251209_232241,data/hard,instance_002
Feasible Heuristic ($\epsilon$=0.25),0.018571916967630386,3407871.0,3407871.0,4194304,30,True,20251209_232241,data/hard,instance_002
Approximation ($\epsilon$=1.0),0.011676792055368423,8912895.0,8912895.0,8388608,30,True,20251209_232241,data/hard,instance_003
Approximation ($\epsilon$=0.5),0.013864542008377612,8650751.0,8650751.0,8388608,30,True,20251209_232241,data/hard,instance_003
Approximation ($\epsilon$=0.25),0.018604708020575345,8519679.0,8519679.0,8388608,30,True,20251209_232241,data/hard,instance_003
Feasible Heuristic ($\epsilon$=1.0),0.011565957916900516,4456447.0,4456447.0,8388608,30,True,20251209_232241,data/hard,instance_003
Feasible Heuristic ($\epsilon$=0.5),0.013925749924965203,5767167.0,5767167.0,8388608,30,True,20251209_232241,data/hard,instance_003
Feasible Heuristic ($\epsilon$=0.25),0.01862420910038054,6815743.0,6815743.0,8388608,30,True,20251209_232241,data/hard,instance_003
Approximation ($\epsilon$=1.0),0.011696332949213684,17825791.0,17825791.0,16777216,30,True,20251209_232241,data/hard,instance_004
Approximation ($\epsilon$=0.5),0.013919875025749207,17301503.0,17301503.0,16777216,30,True,20251209_232241,data/hard,instance_004
Approximation ($\epsilon$=0.25),0.018725792062468827,17039359.0,17039359.0,16777216,30,True,20251209_232241,data/hard,instance_004
Feasible Heuristic ($\epsilon$=1.0),0.011528957984410226,8912895.0,8912895.0,16777216,30,True,20251209_232241,data/hard,instance_004
Feasible Heuristic ($\epsilon$=0.5),0.014004332944750786,11534335.0,11534335.0,16777216,30,True,20251209_232241,data/hard,instance_004
Feasible Heuristic ($\epsilon$=0.25),0.018575084046460688,13631487.0,13631487.0,16777216,30,True,20251209_232241,data/hard,instance_004
Approximation ($\epsilon$=1.0),0.011655000038444996,35651583.0,35651583.0,33554432,30,True,20251209_232241,data/hard,instance_005
Approximation ($\epsilon$=0.5),0.01399541599676013,34603007.0,34603007.0,33554432,30,True,20251209_232241,data/hard,instance_005
Approximation ($\epsilon$=0.25),0.018619250040501356,34078719.0,34078719.0,33554432,30,True,20251209_232241,data/hard,instance_005
Feasible Heuristic ($\epsilon$=1.0),0.011792666977271438,17825791.0,17825791.0,33554432,30,True,20251209_232241,data/hard,instance_005
Feasible Heuristic ($\epsilon$=0.5),0.014301792019978166,23068671.0,23068671.0,33554432,30,True,20251209_232241,data/hard,instance_005
Feasible Heuristic ($\epsilon$=0.25),0.019556375104002655,27262975.0,27262975.0,33554432,30,True,20251209_232241,data/hard,instance_005
Approximation ($\epsilon$=1.0),0.011846750043332577,71303167.0,71303167.0,67108864,30,True,20251209_232241,data/hard,instance_006
Approximation ($\epsilon$=0.5),0.01403574994765222,69206015.0,69206015.0,67108864,30,True,20251209_232241,data/hard,instance_006
Approximation ($\epsilon$=0.25),0.019377666991204023,68157439.0,68157439.0,67108864,30,True,20251209_232241,data/hard,instance_006
Feasible Heuristic ($\epsilon$=1.0),0.011710959021002054,35651583.0,35651583.0,67108864,30,True,20251209_232241,data/hard,instance_006
Feasible Heuristic ($\epsilon$=0.5),0.014159500016830862,46137343.0,46137343.0,67108864,30,True,20251209_232241,data/hard,instance_006
Feasible Heuristic ($\epsilon$=0.25),0.01894112501759082,54525951.0,54525951.0,67108864,30,True,20251209_232241,data/hard,instance_006
Approximation ($\epsilon$=1.0),0.011991332983598113,142606335.0,142606335.0,134217728,30,True,20251209_232241,data/hard,instance_007
Approximation ($\epsilon$=0.5),0.01410570798907429,138412031.0,138412031.0,134217728,30,True,20251209_232241,data/hard,instance_007
Approximation ($\epsilon$=0.25),0.01906466600485146,136314879.0,136314879.0,134217728,30,True,20251209_232241,data/hard,instance_007
Feasible Heuristic ($\epsilon$=1.0),0.011777915991842747,71303167.0,71303167.0,134217728,30,True,20251209_232241,data/hard,instance_007
Feasible Heuristic ($\epsilon$=0.5),0.013988957973197103,92274687.0,92274687.0,134217728,30,True,20251209_232241,data/hard,instance_007
Feasible Heuristic ($\epsilon$=0.25),0.019060291931964457,109051903.0,109051903.0,134217728,30,True,20251209_232241,data/hard,instance_007
Approximation ($\epsilon$=1.0),0.011696000001393259,285212671.0,285212671.0,268435456,30,True,20251209_232241,data/hard,instance_008
Approximation ($\epsilon$=0.5),0.014198250020854175,276824063.0,276824063.0,268435456,30,True,20251209_232241,data/hard,instance_008
Approximation ($\epsilon$=0.25),0.01935791689902544,272629759.0,272629759.0,268435456,30,True,20251209_232241,data/hard,instance_008
Feasible Heuristic ($\epsilon$=1.0),0.011942000011913478,142606335.0,142606335.0,268435456,30,True,20251209_232241,data/hard,instance_008
Feasible Heuristic ($\epsilon$=0.5),0.014035459025762975,184549375.0,184549375.0,268435456,30,True,20251209_232241,data/hard,instance_008
Feasible Heuristic ($\epsilon$=0.25),0.018927416997030377,218103807.0,218103807.0,268435456,30,True,20251209_232241,data/hard,instance_008
Approximation ($\epsilon$=1.0),0.011689500068314373,570425343.0,570425343.0,536870912,30,True,20251209_232241,data/hard,instance_009
Approximation ($\epsilon$=0.5),0.014152541058138013,553648127.0,553648127.0,536870912,30,True,20251209_232241,data/hard,instance_009
Approximation ($\epsilon$=0.25),0.01903387508355081,545259519.0,545259519.0,536870912,30,True,20251209_232241,data/hard,instance_009
Feasible Heuristic ($\epsilon$=1.0),0.011599084013141692,285212671.0,285212671.0,536870912,30,True,20251209_232241,data/hard,instance_009
Feasible Heuristic ($\epsilon$=0.5),0.014309333986602724,369098751.0,369098751.0,536870912,30,True,20251209_232241,data/hard,instance_009
Feasible Heuristic ($\epsilon$=0.25),0.018959374981932342,436207615.0,436207615.0,536870912,30,True,20251209_232241,data/hard,instance_009
Approximation ($\epsilon$=1.0),0.018247957923449576,1107296255.0,1107296255.0,1073741824,40,True,20251209_232241,data/hard,instance_000
Approximation ($\epsilon$=0.5),0.0242617919575423,1090519039.0,1090519039.0,1073741824,40,True,20251209_232241,data/hard,instance_000
Approximation ($\epsilon$=0.25),0.036940958932973444,1082130431.0,1082130431.0,1073741824,40,True,20251209_232241,data/hard,instance_000
Feasible Heuristic ($\epsilon$=1.0),0.018022542004473507,553648127.0,553648127.0,1073741824,40,True,20251209_232241,data/hard,instance_000
Feasible Heuristic ($\epsilon$=0.5),0.0239370409399271,738197503.0,738197503.0,1073741824,40,True,20251209_232241,data/hard,instance_000
Feasible Heuristic ($\epsilon$=0.25),0.03694104100577533,872415231.0,872415231.0,1073741824,40,True,20251209_232241,data/hard,instance_000
Approximation ($\epsilon$=1.0),0.01835924992337823,2214592511.0,2214592511.0,2147483648,40,True,20251209_232241,data/hard,instance_001
Approximation ($\epsilon$=0.5),0.024051165906712413,2181038079.0,2181038079.0,2147483648,40,True,20251209_232241,data/hard,instance_001
Approximation ($\epsilon$=0.25),0.03724279208108783,2164260863.0,2164260863.0,2147483648,40,True,20251209_232241,data/hard,instance_001
Feasible Heuristic ($\epsilon$=1.0),0.018198832985945046,1107296255.0,1107296255.0,2147483648,40,True,20251209_232241,data/hard,instance_001
Feasible Heuristic ($\epsilon$=0.5),0.023848957964219153,1476395007.0,1476395007.0,2147483648,40,True,20251209_232241,data/hard,instance_001
Feasible Heuristic ($\epsilon$=0.25),0.03720212494954467,1744830463.0,1744830463.0,2147483648,40,True,20251209_232241,data/hard,instance_001
Approximation ($\epsilon$=1.0),0.018307375023141503,4429185023.0,4429185023.0,4294967296,40,True,20251209_232241,data/hard,instance_002
Approximation ($\epsilon$=0.5),0.024043875047937036,4362076159.0,4362076159.0,4294967296,40,True,20251209_232241,data/hard,instance_002
Approximation ($\epsilon$=0.25),0.03703533404041082,4328521727.0,4328521727.0,4294967296,40,True,20251209_232241,data/hard,instance_002
Feasible Heuristic ($\epsilon$=1.0),0.01799037493765354,2214592511.0,2214592511.0,4294967296,40,True,20251209_232241,data/hard,instance_002
Feasible Heuristic ($\epsilon$=0.5),0.023511082981713116,2952790015.0,2952790015.0,4294967296,40,True,20251209_232241,data/hard,instance_002
Feasible Heuristic ($\epsilon$=0.25),0.036741291056387126,3489660927.0,3489660927.0,4294967296,40,True,20251209_232241,data/hard,instance_002
Approximation ($\epsilon$=1.0),0.018048000056296587,8858370047.0,8858370047.0,8589934592,40,True,20251209_232241,data/hard,instance_003
Approximation ($\epsilon$=0.5),0.023652790929190814,8724152319.0,8724152319.0,8589934592,40,True,20251209_232241,data/hard,instance_003
Approximation ($\epsilon$=0.25),0.03689604206010699,8657043455.0,8657043455.0,8589934592,40,True,20251209_232241,data/hard,instance_003
Feasible Heuristic ($\epsilon$=1.0),0.01802041695918888,4429185023.0,4429185023.0,8589934592,40,True,20251209_232241,data/hard,instance_003
Feasible Heuristic ($\epsilon$=0.5),0.023519249982200563,5905580031.0,5905580031.0,8589934592,40,True,20251209_232241,data/hard,instance_003
Feasible Heuristic ($\epsilon$=0.25),0.036854667006991804,6979321855.0,6979321855.0,8589934592,40,True,20251209_232241,data/hard,instance_003
Approximation ($\epsilon$=1.0),0.018113540951162577,17716740095.0,17716740095.0,17179869184,40,True,20251209_232241,data/hard,instance_004
Approximation ($\epsilon$=0.5),0.023694709059782326,17448304639.0,17448304639.0,17179869184,40,True,20251209_232241,data/hard,instance_004
Approximation ($\epsilon$=0.25),0.0369841669453308,17314086911.0,17314086911.0,17179869184,40,True,20251209_232241,data/hard,instance_004
Feasible Heuristic ($\epsilon$=1.0),0.01801066694315523,8858370047.0,8858370047.0,17179869184,40,True,20251209_232241,data/hard,instance_004
Feasible Heuristic ($\epsilon$=0.5),0.02364754199516028,11811160063.0,11811160063.0,17179869184,40,True,20251209_232241,data/hard,instance_004
Feasible Heuristic ($\epsilon$=0.25),0.03682404209394008,13958643711.0,13958643711.0,17179869184,40,True,20251209_232241,data/hard,instance_004
Approximation ($\epsilon$=1.0),0.018075958010740578,35433480191.0,35433480191.0,34359738368,40,True,20251209_232241,data/hard,instance_005
Approximation ($\epsilon$=0.5),0.02374483400490135,34896609279.0,34896609279.0,34359738368,40,True,20251209_232241,data/hard,instance_005
Approximation ($\epsilon$=0.25),0.037182875094003975,34628173823.0,34628173823.0,34359738368,40,True,20251209_232241,data/hard,instance_005
Feasible Heuristic ($\epsilon$=1.0),0.017956958035938442,17716740095.0,17716740095.0,34359738368,40,True,20251209_232241,data/hard,instance_005
Feasible Heuristic ($\epsilon$=0.5),0.023652207921259105,23622320127.0,23622320127.0,34359738368,40,True,20251209_232241,data/hard,instance_005
Feasible Heuristic ($\epsilon$=0.25),0.036871250020340085,27917287423.0,27917287423.0,34359738368,40,True,20251209_232241,data/hard,instance_005
Approximation ($\epsilon$=1.0),0.018018374918028712,70866960383.0,70866960383.0,68719476736,40,True,20251209_232241,data/hard,instance_006
Approximation ($\epsilon$=0.5),0.023747708997689188,69793218559.0,69793218559.0,68719476736,40,True,20251209_232241,data/hard,instance_006
Approximation ($\epsilon$=0.25),0.03699862502980977,69256347647.0,69256347647.0,68719476736,40,True,20251209_232241,data/hard,instance_006
Feasible Heuristic ($\epsilon$=1.0),0.01797429204452783,35433480191.0,35433480191.0,68719476736,40,True,20251209_232241,data/hard,instance_006
Feasible Heuristic ($\epsilon$=0.5),0.02368583297356963,47244640255.0,47244640255.0,68719476736,40,True,20251209_232241,data/hard,instance_006
Feasible Heuristic ($\epsilon$=0.25),0.0369662499288097,55834574847.0,55834574847.0,68719476736,40,True,20251209_232241,data/hard,instance_006
Approximation ($\epsilon$=1.0),0.01805587497074157,141733920767.0,141733920767.0,137438953472,40,True,20251209_232241,data/hard,instance_007
Approximation ($\epsilon$=0.5),0.02378820802550763,139586437119.0,139586437119.0,137438953472,40,True,20251209_232241,data/hard,instance_007
Approximation ($\epsilon$=0.25),0.036948999972082675,138512695295.0,138512695295.0,137438953472,40,True,20251209_232241,data/hard,instance_007
Feasible Heuristic ($\epsilon$=1.0),0.018085708026774228,70866960383.0,70866960383.0,137438953472,40,True,20251209_232241,data/hard,instance_007
Feasible Heuristic ($\epsilon$=0.5),0.02362100000027567,94489280511.0,94489280511.0,137438953472,40,True,20251209_232241,data/hard,instance_007
Feasible Heuristic ($\epsilon$=0.25),0.03692800004500896,111669149695.0,111669149695.0,137438953472,40,True,20251209_232241,data/hard,instance_007
Approximation ($\epsilon$=1.0),0.01803279190789908,283467841535.0,283467841535.0,274877906944,40,True,20251209_232241,data/hard,instance_008
Approximation ($\epsilon$=0.5),0.023859958979301155,279172874239.0,279172874239.0,274877906944,40,True,20251209_232241,data/hard,instance_008
Approximation ($\epsilon$=0.25),0.037118125008419156,277025390591.0,277025390591.0,274877906944,40,True,20251209_232241,data/hard,instance_008
Feasible Heuristic ($\epsilon$=1.0),0.018092958023771644,141733920767.0,141733920767.0,274877906944,40,True,20251209_232241,data/hard,instance_008
Feasible Heuristic ($\epsilon$=0.5),0.023659750004298985,188978561023.0,188978561023.0,274877906944,40,True,20251209_232241,data/hard,instance_008
Feasible Heuristic ($\epsilon$=0.25),0.036994374939240515,223338299391.0,223338299391.0,274877906944,40,True,20251209_232241,data/hard,instance_008
Approximation ($\epsilon$=1.0),0.018106749979779124,566935683071.0,566935683071.0,549755813888,40,True,20251209_232241,data/hard,instance_009
Approximation ($\epsilon$=0.5),0.023698374978266656,558345748479.0,558345748479.0,549755813888,40,True,20251209_232241,data/hard,instance_009
Approximation ($\epsilon$=0.25),0.037118125008419156,554050781183.0,554050781183.0,549755813888,40,True,20251209_232241,data/hard,instance_009
Feasible Heuristic ($\epsilon$=1.0),0.018013875000178814,283467841535.0,283467841535.0,549755813888,40,True,20251209_232241,data/hard,instance_009
Feasible Heuristic ($\epsilon$=0.5),0.023766166996210814,377957122047.0,377957122047.0,549755813888,40,True,20251209_232241,data/hard,instance_009
Feasible Heuristic ($\epsilon$=0.25),0.037077957997098565,446676598783.0,446676598783.0,549755813888,40,True,20251209_232241,data/hard,instance_009
Approximation ($\epsilon$=1.0),0.02662129106465727,1133871366143.0,1133871366143.0,1099511627776,50,True,20251209_232241,data/hard,instance_000
Approximation ($\epsilon$=0.5),0.03809220902621746,1116691496959.0,1116691496959.0,1099511627776,50,True,20251209_232241,data/hard,instance_000
Approximation ($\epsilon$=0.25),0.06199466600082815,1108101562367.0,1108101562367.0,1099511627776,50,True,20251209_232241,data/hard,instance_000
Feasible Heuristic ($\epsilon$=1.0),0.02639512508176267,566935683071.0,566935683071.0,1099511627776,50,True,20251209_232241,data/hard,instance_000
Feasible Heuristic ($\epsilon$=0.5),0.03792520903516561,755914244095.0,755914244095.0,1099511627776,50,True,20251209_232241,data/hard,instance_000
Feasible Heuristic ($\epsilon$=0.25),0.06153933308087289,893353197567.0,893353197567.0,1099511627776,50,True,20251209_232241,data/hard,instance_000
Approximation ($\epsilon$=1.0),0.026569625013507903,2267742732287.0,2267742732287.0,2199023255552,50,True,20251209_232241,data/hard,instance_001
Approximation ($\epsilon$=0.5),0.0381039590574801,2233382993919.0,2233382993919.0,2199023255552,50,True,20251209_232241,data/hard,instance_001
Approximation ($\epsilon$=0.25),0.06183899997267872,2216203124735.0,2216203124735.0,2199023255552,50,True,20251209_232241,data/hard,instance_001
Feasible Heuristic ($\epsilon$=1.0),0.026478583924472332,1133871366143.0,1133871366143.0,2199023255552,50,True,20251209_232241,data/hard,instance_001
Feasible Heuristic ($\epsilon$=0.5),0.03802808397449553,1511828488191.0,1511828488191.0,2199023255552,50,True,20251209_232241,data/hard,instance_001
Feasible Heuristic ($\epsilon$=0.25),0.06162387493532151,1786706395135.0,1786706395135.0,2199023255552,50,True,20251209_232241,data/hard,instance_001
Approximation ($\epsilon$=1.0),0.026546208071522415,4535485464575.0,4535485464575.0,4398046511104,50,True,20251209_232241,data/hard,instance_002
Approximation ($\epsilon$=0.5),0.03812662500422448,4466765987839.0,4466765987839.0,4398046511104,50,True,20251209_232241,data/hard,instance_002
Approximation ($\epsilon$=0.25),0.06183991697616875,4432406249471.0,4432406249471.0,4398046511104,50,True,20251209_232241,data/hard,instance_002
Feasible Heuristic ($\epsilon$=1.0),0.026357667054980993,2267742732287.0,2267742732287.0,4398046511104,50,True,20251209_232241,data/hard,instance_002
Feasible Heuristic ($\epsilon$=0.5),0.03790195798501372,3023656976383.0,3023656976383.0,4398046511104,50,True,20251209_232241,data/hard,instance_002
Feasible Heuristic ($\epsilon$=0.25),0.06157762510702014,3573412790271.0,3573412790271.0,4398046511104,50,True,20251209_232241,data/hard,instance_002
Approximation ($\epsilon$=1.0),0.026704250019975007,9070970929151.0,9070970929151.0,8796093022208,50,True,20251209_232241,data/hard,instance_003
Approximation ($\epsilon$=0.5),0.03831904102116823,8933531975679.0,8933531975679.0,8796093022208,50,True,20251209_232241,data/hard,instance_003
Approximation ($\epsilon$=0.25),0.06160491704940796,8864812498943.0,8864812498943.0,8796093022208,50,True,20251209_232241,data/hard,instance_003
Feasible Heuristic ($\epsilon$=1.0),0.02660487499088049,4535485464575.0,4535485464575.0,8796093022208,50,True,20251209_232241,data/hard,instance_003
Feasible Heuristic ($\epsilon$=0.5),0.03836433298420161,6047313952767.0,6047313952767.0,8796093022208,50,True,20251209_232241,data/hard,instance_003
Feasible Heuristic ($\epsilon$=0.25),0.0628611670108512,7146825580543.0,7146825580543.0,8796093022208,50,True,20251209_232241,data/hard,instance_003
Approximation ($\epsilon$=1.0),0.026896208059042692,18141941858303.0,18141941858303.0,17592186044416,50,True,20251209_232241,data/hard,instance_004
Approximation ($\epsilon$=0.5),0.04039933392778039,17867063951359.0,17867063951359.0,17592186044416,50,True,20251209_232241,data/hard,instance_004
Approximation ($\epsilon$=0.25),0.06215483299456537,17729624997887.0,17729624997887.0,17592186044416,50,True,20251209_232241,data/hard,instance_004
Feasible Heuristic ($\epsilon$=1.0),0.026809374918229878,9070970929151.0,9070970929151.0,17592186044416,50,True,20251209_232241,data/hard,instance_004
Feasible Heuristic ($\epsilon$=0.5),0.03837166691664606,12094627905535.0,12094627905535.0,17592186044416,50,True,20251209_232241,data/hard,instance_004
Feasible Heuristic ($\epsilon$=0.25),0.061794750043191016,14293651161087.0,14293651161087.0,17592186044416,50,True,20251209_232241,data/hard,instance_004
Approximation ($\epsilon$=1.0),0.026786542031913996,36283883716607.0,36283883716607.0,35184372088832,50,True,20251209_232241,data/hard,instance_005
Approximation ($\epsilon$=0.5),0.0401239589555189,35734127902719.0,35734127902719.0,35184372088832,50,True,20251209_232241,data/hard,instance_005
Approximation ($\epsilon$=0.25),0.06195879203733057,35459249995775.0,35459249995775.0,35184372088832,50,True,20251209_232241,data/hard,instance_005
Feasible Heuristic ($\epsilon$=1.0),0.026698749978095293,18141941858303.0,18141941858303.0,35184372088832,50,True,20251209_232241,data/hard,instance_005
Feasible Heuristic ($\epsilon$=0.5),0.039957000059075654,24189255811071.0,24189255811071.0,35184372088832,50,True,20251209_232241,data/hard,instance_005
Feasible Heuristic ($\epsilon$=0.25),0.06168791698291898,28587302322175.0,28587302322175.0,35184372088832,50,True,20251209_232241,data/hard,instance_005
Approximation ($\epsilon$=1.0),0.026858917088247836,72567767433215.0,72567767433215.0,70368744177664,50,True,20251209_232241,data/hard,instance_006
Approximation ($\epsilon$=0.5),0.04027416696771979,71468255805439.0,71468255805439.0,70368744177664,50,True,20251209_232241,data/hard,instance_006
Approximation ($\epsilon$=0.25),0.06228845799341798,70918499991551.0,70918499991551.0,70368744177664,50,True,20251209_232241,data/hard,instance_006
Feasible Heuristic ($\epsilon$=1.0),0.026839333004318178,36283883716607.0,36283883716607.0,70368744177664,50,True,20251209_232241,data/hard,instance_006
Feasible Heuristic ($\epsilon$=0.5),0.04045500000938773,48378511622143.0,48378511622143.0,70368744177664,50,True,20251209_232241,data/hard,instance_006
Feasible Heuristic ($\epsilon$=0.25),0.061870832927525043,57174604644351.0,57174604644351.0,70368744177664,50,True,20251209_232241,data/hard,instance_006
Approximation ($\epsilon$=1.0),0.02688100002706051,145135534866431.0,145135534866431.0,140737488355328,50,True,20251209_232241,data/hard,instance_007
Approximation ($\epsilon$=0.5),0.04027237498667091,142936511610879.0,142936511610879.0,140737488355328,50,True,20251209_232241,data/hard,instance_007
Approximation ($\epsilon$=0.25),0.0619959169998765,141836999983103.0,141836999983103.0,140737488355328,50,True,20251209_232241,data/hard,instance_007
Feasible Heuristic ($\epsilon$=1.0),0.026748958975076675,72567767433215.0,72567767433215.0,140737488355328,50,True,20251209_232241,data/hard,instance_007
Feasible Heuristic ($\epsilon$=0.5),0.040244000032544136,96757023244287.0,96757023244287.0,140737488355328,50,True,20251209_232241,data/hard,instance_007
Feasible Heuristic ($\epsilon$=0.25),0.061775042093358934,114349209288703.0,114349209288703.0,140737488355328,50,True,20251209_232241,data/hard,instance_007
Approximation ($\epsilon$=1.0),0.026696084067225456,290271069732863.0,290271069732863.0,281474976710656,50,True,20251209_232241,data/hard,instance_008
Approximation ($\epsilon$=0.5),0.04007700004149228,285873023221759.0,285873023221759.0,281474976710656,50,True,20251209_232241,data/hard,instance_008
Approximation ($\epsilon$=0.25),0.062161667039617896,283673999966207.0,283673999966207.0,281474976710656,50,True,20251209_232241,data/hard,instance_008
Feasible Heuristic ($\epsilon$=1.0),0.026686792029067874,145135534866431.0,145135534866431.0,281474976710656,50,True,20251209_232241,data/hard,instance_008
Feasible Heuristic ($\epsilon$=0.5),0.04040125000756234,193514046488575.0,193514046488575.0,281474976710656,50,True,20251209_232241,data/hard,instance_008
Feasible Heuristic ($\epsilon$=0.25),0.06170224992092699,228698418577407.0,228698418577407.0,281474976710656,50,True,20251209_232241,data/hard,instance_008
Approximation ($\epsilon$=1.0),0.026748665957711637,580542139465727.0,580542139465727.0,562949953421312,50,True,20251209_232241,data/hard,instance_009
Approximation ($\epsilon$=0.5),0.04021129198372364,571746046443519.0,571746046443519.0,562949953421312,50,True,20251209_232241,data/hard,instance_009
Approximation ($\epsilon$=0.25),0.061619834043085575,567347999932415.0,567347999932415.0,562949953421312,50,True,20251209_232241,data/hard,instance_009
Feasible Heuristic ($\epsilon$=1.0),0.026663833996281028,290271069732863.0,290271069732863.0,562949953421312,50,True,20251209_232241,data/hard,instance_009
Feasible Heuristic ($\epsilon$=0.5),0.040032833931036294,387028092977151.0,387028092977151.0,562949953421312,50,True,20251209_232241,data/hard,instance_009
Feasible Heuristic ($\epsilon$=0.25),0.061624167021363974,457396837154815.0,457396837154815.0,562949953421312,50,True,20251209_232241,data/hard,instance_009
